date,EGSI,EOD
2026-07-14 00:00:00,473.07342559999995,469.8983705999999
2026-07-14 01:00:00,473.07342559999995,469.8983705999999
2026-07-14 02:00:00,473.07342559999995,469.8983705999999
2026-07-14 03:00:00,473.07342559999995,469.8983705999999
2026-07-14 04:00:00,497.0475332,499.64619359999995
2026-07-14 05:00:00,497.0475332,499.64619359999995
2026-07-14 06:00:00,497.0475332,499.64619359999995
2026-07-14 07:00:00,497.0475332,499.64619359999995
2026-07-14 08:00:00,497.0475332,499.64619359999995
2026-07-14 09:00:00,497.0475332,499.64619359999995
2026-07-14 10:00:00,497.0475332,499.64619359999995
2026-07-14 11:00:00,497.0475332,499.64619359999995
2026-07-14 12:00:00,497.0475332,499.64619359999995
2026-07-14 13:00:00,497.0475332,499.64619359999995
2026-07-14 14:00:00,497.0475332,499.64619359999995
2026-07-14 15:00:00,497.0475332,499.64619359999995
2026-07-14 16:00:00,497.0475332,499.64619359999995
2026-07-14 17:00:00,497.0475332,499.64619359999995
2026-07-14 18:00:00,497.0475332,499.64619359999995
2026-07-14 19:00:00,497.0475332,499.64619359999995
2026-07-14 20:00:00,497.0475332,499.64619359999995
2026-07-14 21:00:00,497.0475332,499.64619359999995
2026-07-14 22:00:00,497.0475332,499.64619359999995
2026-07-14 23:00:00,497.0475332,499.64619359999995
2026-07-15 00:00:00,497.0475332,499.64619359999995
2026-07-15 01:00:00,497.0475332,499.64619359999995
2026-07-15 02:00:00,497.0475332,499.64619359999995
2026-07-15 03:00:00,497.0475332,499.64619359999995
2026-07-15 04:00:00,518.8723728,515.628932
2026-07-15 05:00:00,518.8723728,515.628932
2026-07-15 06:00:00,518.8723728,515.628932
2026-07-15 07:00:00,518.8723728,515.628932
2026-07-15 08:00:00,518.8723728,515.628932
2026-07-15 09:00:00,518.8723728,515.628932
2026-07-15 10:00:00,518.8723728,515.628932
2026-07-15 11:00:00,518.8723728,515.628932
2026-07-15 12:00:00,518.8723728,515.628932
2026-07-15 13:00:00,518.8723728,515.628932
2026-07-15 14:00:00,518.8723728,515.628932
2026-07-15 15:00:00,518.8723728,515.628932
2026-07-15 16:00:00,518.8723728,515.628932
2026-07-15 17:00:00,518.8723728,515.628932
2026-07-15 18:00:00,518.8723728,515.628932
2026-07-15 19:00:00,518.8723728,515.628932
2026-07-15 20:00:00,518.8723728,515.628932
2026-07-15 21:00:00,518.8723728,515.628932
2026-07-15 22:00:00,518.8723728,515.628932
2026-07-15 23:00:00,518.8723728,515.628932
2026-07-16 00:00:00,518.8723728,515.628932
2026-07-16 01:00:00,518.8723728,515.628932
2026-07-16 02:00:00,518.8723728,515.628932
2026-07-16 03:00:00,518.8723728,515.628932
2026-07-16 04:00:00,532.3834529999999,531.113431
2026-07-16 05:00:00,532.3834529999999,531.113431
2026-07-16 06:00:00,532.3834529999999,531.113431
2026-07-16 07:00:00,532.3834529999999,531.113431
2026-07-16 08:00:00,532.3834529999999,531.113431
2026-07-16 09:00:00,532.3834529999999,531.113431
2026-07-16 10:00:00,532.3834529999999,531.113431
2026-07-16 11:00:00,532.3834529999999,531.113431
2026-07-16 12:00:00,532.3834529999999,531.113431
2026-07-16 13:00:00,532.3834529999999,531.113431
2026-07-16 14:00:00,532.3834529999999,531.113431
2026-07-16 15:00:00,532.3834529999999,531.113431
2026-07-16 16:00:00,532.3834529999999,531.113431
2026-07-16 17:00:00,532.3834529999999,531.113431
2026-07-16 18:00:00,532.3834529999999,531.113431
2026-07-16 19:00:00,532.3834529999999,531.113431
2026-07-16 20:00:00,532.3834529999999,531.113431
2026-07-16 21:00:00,532.3834529999999,531.113431
2026-07-16 22:00:00,532.3834529999999,531.113431
2026-07-16 23:00:00,532.3834529999999,531.113431
2026-07-17 00:00:00,532.3834529999999,531.113431
2026-07-17 01:00:00,532.3834529999999,531.113431
2026-07-17 02:00:00,532.3834529999999,531.113431
2026-07-17 03:00:00,532.3834529999999,531.113431
2026-07-17 04:00:00,535.2654259999999,534.7085701999999
2026-07-17 05:00:00,535.2654259999999,534.7085701999999
2026-07-17 06:00:00,535.2654259999999,534.7085701999999
2026-07-17 07:00:00,535.2654259999999,534.7085701999999
2026-07-17 08:00:00,535.2654259999999,534.7085701999999
2026-07-17 09:00:00,535.2654259999999,534.7085701999999
2026-07-17 10:00:00,535.2654259999999,534.7085701999999
2026-07-17 11:00:00,535.2654259999999,534.7085701999999
2026-07-17 12:00:00,535.2654259999999,534.7085701999999
2026-07-17 13:00:00,535.2654259999999,534.7085701999999
2026-07-17 14:00:00,535.2654259999999,534.7085701999999
2026-07-17 15:00:00,535.2654259999999,534.7085701999999
2026-07-17 16:00:00,535.2654259999999,534.7085701999999
2026-07-17 17:00:00,535.2654259999999,534.7085701999999
2026-07-17 18:00:00,535.2654259999999,534.7085701999999
2026-07-17 19:00:00,535.2654259999999,534.7085701999999
2026-07-17 20:00:00,535.2654259999999,534.7085701999999
2026-07-17 21:00:00,535.2654259999999,534.7085701999999
2026-07-17 22:00:00,535.2654259999999,534.7085701999999
2026-07-17 23:00:00,535.2654259999999,534.7085701999999
2026-07-18 00:00:00,535.2654259999999,534.7085701999999
2026-07-18 01:00:00,535.2654259999999,534.7085701999999
2026-07-18 02:00:00,535.2654259999999,534.7085701999999
2026-07-18 03:00:00,535.2654259999999,534.7085701999999
2026-07-18 04:00:00,559.2883806,562.3657416
2026-07-18 05:00:00,559.2883806,562.3657416
2026-07-18 06:00:00,559.2883806,562.3657416
2026-07-18 07:00:00,559.2883806,562.3657416
2026-07-18 08:00:00,559.2883806,562.3657416
2026-07-18 09:00:00,559.2883806,562.3657416
2026-07-18 10:00:00,559.2883806,562.3657416
2026-07-18 11:00:00,559.2883806,562.3657416
2026-07-18 12:00:00,559.2883806,562.3657416
2026-07-18 13:00:00,559.2883806,562.3657416
2026-07-18 14:00:00,559.2883806,562.3657416
2026-07-18 15:00:00,559.2883806,562.3657416
2026-07-18 16:00:00,559.2883806,562.3657416
2026-07-18 17:00:00,559.2883806,562.3657416
2026-07-18 18:00:00,559.2883806,562.3657416
2026-07-18 19:00:00,559.2883806,562.3657416
2026-07-18 20:00:00,559.2883806,562.3657416
2026-07-18 21:00:00,559.2883806,562.3657416
2026-07-18 22:00:00,559.2883806,562.3657416
2026-07-18 23:00:00,559.2883806,562.3657416
2026-07-19 00:00:00,559.2883806,562.3657416
2026-07-19 01:00:00,559.2883806,562.3657416
2026-07-19 02:00:00,559.2883806,562.3657416
2026-07-19 03:00:00,559.2883806,562.3657416
2026-07-19 04:00:00,559.2883806,562.3657416
2026-07-19 05:00:00,559.2883806,562.3657416
2026-07-19 06:00:00,559.2883806,562.3657416
2026-07-19 07:00:00,559.2883806,562.3657416
2026-07-19 08:00:00,559.2883806,562.3657416
2026-07-19 09:00:00,559.2883806,562.3657416
2026-07-19 10:00:00,559.2883806,562.3657416
2026-07-19 11:00:00,559.2883806,562.3657416
2026-07-19 12:00:00,559.2883806,562.3657416
2026-07-19 13:00:00,559.2883806,562.3657416
2026-07-19 14:00:00,559.2883806,562.3657416
2026-07-19 15:00:00,559.2883806,562.3657416
2026-07-19 16:00:00,559.2883806,562.3657416
2026-07-19 17:00:00,559.2883806,562.3657416
2026-07-19 18:00:00,559.2883806,562.3657416
2026-07-19 19:00:00,559.2883806,562.3657416
2026-07-19 20:00:00,559.2883806,562.3657416
2026-07-19 21:00:00,559.2883806,562.3657416
2026-07-19 22:00:00,559.2883806,562.3657416
2026-07-19 23:00:00,559.2883806,562.3657416
2026-07-20 00:00:00,559.2883806,562.3657416
2026-07-20 01:00:00,559.2883806,562.3657416
2026-07-20 02:00:00,559.2883806,562.3657416
2026-07-20 03:00:00,559.2883806,562.3657416
2026-07-20 04:00:00,560.3434758,563.7725352
2026-07-20 05:00:00,560.3434758,563.7725352
2026-07-20 06:00:00,560.3434758,563.7725352
2026-07-20 07:00:00,560.3434758,563.7725352
2026-07-20 08:00:00,560.3434758,563.7725352
2026-07-20 09:00:00,560.3434758,563.7725352
2026-07-20 10:00:00,560.3434758,563.7725352
2026-07-20 11:00:00,560.3434758,563.7725352
2026-07-20 12:00:00,560.3434758,563.7725352
2026-07-20 13:00:00,560.3434758,563.7725352
2026-07-20 14:00:00,560.3434758,563.7725352
2026-07-20 15:00:00,560.3434758,563.7725352
2026-07-20 16:00:00,560.3434758,563.7725352
2026-07-20 17:00:00,560.3434758,563.7725352
2026-07-20 18:00:00,560.3434758,563.7725352
2026-07-20 19:00:00,560.3434758,563.7725352
2026-07-20 20:00:00,560.3434758,563.7725352
2026-07-20 21:00:00,560.3434758,563.7725352
2026-07-20 22:00:00,560.3434758,563.7725352
2026-07-20 23:00:00,560.3434758,563.7725352
2026-07-21 00:00:00,560.3434758,563.7725352
2026-07-21 01:00:00,560.3434758,563.7725352
2026-07-21 02:00:00,560.3434758,563.7725352
2026-07-21 03:00:00,560.3434758,563.7725352
2026-07-21 04:00:00,573.3953941999999,573.9913276
2026-07-21 05:00:00,573.3953941999999,573.9913276
2026-07-21 06:00:00,573.3953941999999,573.9913276
2026-07-21 07:00:00,573.3953941999999,573.9913276
2026-07-21 08:00:00,573.3953941999999,573.9913276
2026-07-21 09:00:00,573.3953941999999,573.9913276
2026-07-21 10:00:00,573.3953941999999,573.9913276
2026-07-21 11:00:00,573.3953941999999,573.9913276
2026-07-21 12:00:00,573.3953941999999,573.9913276
2026-07-21 13:00:00,573.3953941999999,573.9913276
2026-07-21 14:00:00,573.3953941999999,573.9913276
2026-07-21 15:00:00,573.3953941999999,573.9913276
2026-07-21 16:00:00,573.3953941999999,573.9913276
2026-07-21 17:00:00,573.3953941999999,573.9913276
2026-07-21 18:00:00,573.3953941999999,573.9913276
2026-07-21 19:00:00,573.3953941999999,573.9913276
2026-07-21 20:00:00,573.3953941999999,573.9913276
2026-07-21 21:00:00,573.3953941999999,573.9913276
2026-07-21 22:00:00,573.3953941999999,573.9913276
2026-07-21 23:00:00,573.3953941999999,573.9913276
2026-07-22 00:00:00,573.3953941999999,573.9913276
2026-07-22 01:00:00,573.3953941999999,573.9913276
2026-07-22 02:00:00,573.3953941999999,573.9913276
2026-07-22 03:00:00,573.3953941999999,573.9913276
2026-07-22 04:00:00,583.9072686,583.5653396
2026-07-22 05:00:00,583.9072686,583.5653396
2026-07-22 06:00:00,583.9072686,583.5653396
2026-07-22 07:00:00,583.9072686,583.5653396
2026-07-22 08:00:00,583.9072686,583.5653396
2026-07-22 09:00:00,583.9072686,583.5653396
2026-07-22 10:00:00,583.9072686,583.5653396
2026-07-22 11:00:00,583.9072686,583.5653396
2026-07-22 12:00:00,583.9072686,583.5653396
2026-07-22 13:00:00,583.9072686,583.5653396
2026-07-22 14:00:00,583.9072686,583.5653396
2026-07-22 15:00:00,583.9072686,583.5653396
2026-07-22 16:00:00,583.9072686,583.5653396
2026-07-22 17:00:00,583.9072686,583.5653396
2026-07-22 18:00:00,583.9072686,583.5653396
2026-07-22 19:00:00,583.9072686,583.5653396
2026-07-22 20:00:00,583.9072686,583.5653396
2026-07-22 21:00:00,583.9072686,583.5653396
2026-07-22 22:00:00,583.9072686,583.5653396
2026-07-22 23:00:00,583.9072686,583.5653396
2026-07-23 00:00:00,583.9072686,583.5653396
2026-07-23 01:00:00,583.9072686,583.5653396
2026-07-23 02:00:00,583.9072686,583.5653396
2026-07-23 03:00:00,583.9072686,583.5653396
2026-07-23 04:00:00,610.1478769999999,612.2776061999999
2026-07-23 05:00:00,610.1478769999999,612.2776061999999
2026-07-23 06:00:00,610.1478769999999,612.2776061999999
2026-07-23 07:00:00,610.1478769999999,612.2776061999999
2026-07-23 08:00:00,610.1478769999999,612.2776061999999
2026-07-23 09:00:00,610.1478769999999,612.2776061999999
2026-07-23 10:00:00,610.1478769999999,612.2776061999999
2026-07-23 11:00:00,610.1478769999999,612.2776061999999
2026-07-23 12:00:00,610.1478769999999,612.2776061999999
2026-07-23 13:00:00,610.1478769999999,612.2776061999999
2026-07-23 14:00:00,610.1478769999999,612.2776061999999
2026-07-23 15:00:00,610.1478769999999,612.2776061999999
2026-07-23 16:00:00,610.1478769999999,612.2776061999999
2026-07-23 17:00:00,610.1478769999999,612.2776061999999
2026-07-23 18:00:00,610.1478769999999,612.2776061999999
2026-07-23 19:00:00,610.1478769999999,612.2776061999999
2026-07-23 20:00:00,610.1478769999999,612.2776061999999
2026-07-23 21:00:00,610.1478769999999,612.2776061999999
2026-07-23 22:00:00,610.1478769999999,612.2776061999999
2026-07-23 23:00:00,610.1478769999999,612.2776061999999
2026-07-24 00:00:00,610.1478769999999,612.2776061999999
2026-07-24 01:00:00,610.1478769999999,612.2776061999999
2026-07-24 02:00:00,610.1478769999999,612.2776061999999
2026-07-24 03:00:00,610.1478769999999,612.2776061999999
2026-07-24 04:00:00,606.484352,604.4523168
2026-07-24 05:00:00,606.484352,604.4523168
2026-07-24 06:00:00,606.484352,604.4523168
2026-07-24 07:00:00,606.484352,604.4523168
2026-07-24 08:00:00,606.484352,604.4523168
2026-07-24 09:00:00,606.484352,604.4523168
2026-07-24 10:00:00,606.484352,604.4523168
2026-07-24 11:00:00,606.484352,604.4523168
2026-07-24 12:00:00,606.484352,604.4523168
2026-07-24 13:00:00,606.484352,604.4523168
2026-07-24 14:00:00,606.484352,604.4523168
2026-07-24 15:00:00,606.484352,604.4523168
2026-07-24 16:00:00,606.484352,604.4523168
2026-07-24 17:00:00,606.484352,604.4523168
2026-07-24 18:00:00,606.484352,604.4523168
2026-07-24 19:00:00,606.484352,604.4523168
2026-07-24 20:00:00,606.484352,604.4523168
2026-07-24 21:00:00,606.484352,604.4523168
2026-07-24 22:00:00,606.484352,604.4523168
2026-07-24 23:00:00,606.484352,604.4523168
2026-07-25 00:00:00,606.484352,604.4523168
2026-07-25 01:00:00,606.484352,604.4523168
2026-07-25 02:00:00,606.484352,604.4523168
2026-07-25 03:00:00,606.484352,604.4523168
2026-07-25 04:00:00,618.1880931999999,616.9473793999999
2026-07-25 05:00:00,618.1880931999999,616.9473793999999
2026-07-25 06:00:00,618.1880931999999,616.9473793999999
2026-07-25 07:00:00,618.1880931999999,616.9473793999999
2026-07-25 08:00:00,618.1880931999999,616.9473793999999
2026-07-25 09:00:00,618.1880931999999,616.9473793999999
2026-07-25 10:00:00,618.1880931999999,616.9473793999999
2026-07-25 11:00:00,618.1880931999999,616.9473793999999
2026-07-25 12:00:00,618.1880931999999,616.9473793999999
2026-07-25 13:00:00,618.1880931999999,616.9473793999999
2026-07-25 14:00:00,618.1880931999999,616.9473793999999
2026-07-25 15:00:00,618.1880931999999,616.9473793999999
2026-07-25 16:00:00,618.1880931999999,616.9473793999999
2026-07-25 17:00:00,618.1880931999999,616.9473793999999
2026-07-25 18:00:00,618.1880931999999,616.9473793999999
2026-07-25 19:00:00,618.1880931999999,616.9473793999999
2026-07-25 20:00:00,618.1880931999999,616.9473793999999
2026-07-25 21:00:00,618.1880931999999,616.9473793999999
2026-07-25 22:00:00,618.1880931999999,616.9473793999999
2026-07-25 23:00:00,618.1880931999999,616.9473793999999
2026-07-26 00:00:00,618.1880931999999,616.9473793999999
2026-07-26 01:00:00,618.1880931999999,616.9473793999999
2026-07-26 02:00:00,618.1880931999999,616.9473793999999
2026-07-26 03:00:00,618.1880931999999,616.9473793999999
2026-07-26 04:00:00,618.1880931999999,616.9473793999999
2026-07-26 05:00:00,618.1880931999999,616.9473793999999
2026-07-26 06:00:00,618.1880931999999,616.9473793999999
2026-07-26 07:00:00,618.1880931999999,616.9473793999999
2026-07-26 08:00:00,618.1880931999999,616.9473793999999
2026-07-26 09:00:00,618.1880931999999,616.9473793999999
2026-07-26 10:00:00,618.1880931999999,616.9473793999999
2026-07-26 11:00:00,618.1880931999999,616.9473793999999
2026-07-26 12:00:00,618.1880931999999,616.9473793999999
2026-07-26 13:00:00,618.1880931999999,616.9473793999999
2026-07-26 14:00:00,618.1880931999999,616.9473793999999
2026-07-26 15:00:00,618.1880931999999,616.9473793999999
2026-07-26 16:00:00,618.1880931999999,616.9473793999999
2026-07-26 17:00:00,618.1880931999999,616.9473793999999
2026-07-26 18:00:00,618.1880931999999,616.9473793999999
2026-07-26 19:00:00,618.1880931999999,616.9473793999999
2026-07-26 20:00:00,618.1880931999999,616.9473793999999
2026-07-26 21:00:00,618.1880931999999,616.9473793999999
2026-07-26 22:00:00,618.1880931999999,616.9473793999999
2026-07-26 23:00:00,618.1880931999999,616.9473793999999
2026-07-27 00:00:00,618.1880931999999,616.9473793999999
2026-07-27 01:00:00,618.1880931999999,616.9473793999999
2026-07-27 02:00:00,618.1880931999999,616.9473793999999
2026-07-27 03:00:00,618.1880931999999,616.9473793999999
2026-07-27 04:00:00,619.8391217999999,618.158785
2026-07-27 05:00:00,619.8391217999999,618.158785
2026-07-27 06:00:00,619.8391217999999,618.158785
2026-07-27 07:00:00,619.8391217999999,618.158785
2026-07-27 08:00:00,619.8391217999999,618.158785
2026-07-27 09:00:00,619.8391217999999,618.158785
2026-07-27 10:00:00,619.8391217999999,618.158785
2026-07-27 11:00:00,619.8391217999999,618.158785
2026-07-27 12:00:00,619.8391217999999,618.158785
2026-07-27 13:00:00,619.8391217999999,618.158785
2026-07-27 14:00:00,619.8391217999999,618.158785
2026-07-27 15:00:00,619.8391217999999,618.158785
2026-07-27 16:00:00,619.8391217999999,618.158785
2026-07-27 17:00:00,619.8391217999999,618.158785
2026-07-27 18:00:00,619.8391217999999,618.158785
2026-07-27 19:00:00,619.8391217999999,618.158785
2026-07-27 20:00:00,619.8391217999999,618.158785
2026-07-27 21:00:00,619.8391217999999,618.158785
2026-07-27 22:00:00,619.8391217999999,618.158785
2026-07-27 23:00:00,619.8391217999999,618.158785
2026-07-28 00:00:00,619.8391217999999,618.158785
2026-07-28 01:00:00,619.8391217999999,618.158785
2026-07-28 02:00:00,619.8391217999999,618.158785
2026-07-28 03:00:00,619.8391217999999,618.158785
2026-07-28 04:00:00,573.3270084,568.9796253999999
2026-07-28 05:00:00,573.3270084,568.9796253999999
2026-07-28 06:00:00,573.3270084,568.9796253999999
2026-07-28 07:00:00,573.3270084,568.9796253999999
2026-07-28 08:00:00,573.3270084,568.9796253999999
2026-07-28 09:00:00,573.3270084,568.9796253999999
2026-07-28 10:00:00,573.3270084,568.9796253999999
2026-07-28 11:00:00,573.3270084,568.9796253999999
2026-07-28 12:00:00,573.3270084,568.9796253999999
2026-07-28 13:00:00,573.3270084,568.9796253999999
2026-07-28 14:00:00,573.3270084,568.9796253999999
2026-07-28 15:00:00,573.3270084,568.9796253999999
2026-07-28 16:00:00,573.3270084,568.9796253999999
2026-07-28 17:00:00,573.3270084,568.9796253999999
2026-07-28 18:00:00,573.3270084,568.9796253999999
2026-07-28 19:00:00,573.3270084,568.9796253999999
2026-07-28 20:00:00,573.3270084,568.9796253999999
2026-07-28 21:00:00,573.3270084,568.9796253999999
2026-07-28 22:00:00,573.3270084,568.9796253999999
2026-07-28 23:00:00,573.3270084,568.9796253999999
2026-07-29 00:00:00,573.3270084,568.9796253999999
2026-07-29 01:00:00,573.3270084,568.9796253999999
2026-07-29 02:00:00,573.3270084,568.9796253999999
2026-07-29 03:00:00,573.3270084,568.9796253999999
2026-07-29 04:00:00,558.2625936,552.4595699999999
2026-07-29 05:00:00,558.2625936,552.4595699999999
2026-07-29 06:00:00,558.2625936,552.4595699999999
2026-07-29 07:00:00,558.2625936,552.4595699999999
2026-07-29 08:00:00,558.2625936,552.4595699999999
2026-07-29 09:00:00,558.2625936,552.4595699999999
2026-07-29 10:00:00,558.2625936,552.4595699999999
2026-07-29 11:00:00,558.2625936,552.4595699999999
2026-07-29 12:00:00,558.2625936,552.4595699999999
2026-07-29 13:00:00,558.2625936,552.4595699999999
2026-07-29 14:00:00,558.2625936,552.4595699999999
2026-07-29 15:00:00,558.2625936,552.4595699999999
2026-07-29 16:00:00,558.2625936,552.4595699999999
2026-07-29 17:00:00,558.2625936,552.4595699999999
2026-07-29 18:00:00,558.2625936,552.4595699999999
2026-07-29 19:00:00,558.2625936,552.4595699999999
2026-07-29 20:00:00,558.2625936,552.4595699999999
2026-07-29 21:00:00,558.2625936,552.4595699999999
2026-07-29 22:00:00,558.2625936,552.4595699999999
2026-07-29 23:00:00,558.2625936,552.4595699999999
2026-07-30 00:00:00,558.2625936,552.4595699999999
2026-07-30 01:00:00,558.2625936,552.4595699999999
2026-07-30 02:00:00,558.2625936,552.4595699999999
2026-07-30 03:00:00,558.2625936,552.4595699999999
2026-07-30 04:00:00,590.3355337999999,591.341782
2026-07-30 05:00:00,590.3355337999999,591.341782
2026-07-30 06:00:00,590.3355337999999,591.341782
2026-07-30 07:00:00,590.3355337999999,591.341782
2026-07-30 08:00:00,590.3355337999999,591.341782
2026-07-30 09:00:00,590.3355337999999,591.341782
2026-07-30 10:00:00,590.3355337999999,591.341782
2026-07-30 11:00:00,590.3355337999999,591.341782
2026-07-30 12:00:00,590.3355337999999,591.341782
2026-07-30 13:00:00,590.3355337999999,591.341782
2026-07-30 14:00:00,590.3355337999999,591.341782
2026-07-30 15:00:00,590.3355337999999,591.341782
2026-07-30 16:00:00,590.3355337999999,591.341782
2026-07-30 17:00:00,590.3355337999999,591.341782
2026-07-30 18:00:00,590.3355337999999,591.341782
2026-07-30 19:00:00,590.3355337999999,591.341782
2026-07-30 20:00:00,590.3355337999999,591.341782
2026-07-30 21:00:00,590.3355337999999,591.341782
2026-07-30 22:00:00,590.3355337999999,591.341782
2026-07-30 23:00:00,590.3355337999999,591.341782
2026-07-31 00:00:00,590.3355337999999,591.341782
2026-07-31 01:00:00,590.3355337999999,591.341782
2026-07-31 02:00:00,590.3355337999999,591.341782
2026-07-31 03:00:00,590.3355337999999,591.341782
2026-07-31 04:00:00,572.8971548,570.8553502
2026-07-31 05:00:00,572.8971548,570.8553502
2026-07-31 06:00:00,572.8971548,570.8553502
2026-07-31 07:00:00,572.8971548,570.8553502
2026-07-31 08:00:00,572.8971548,570.8553502
2026-07-31 09:00:00,572.8971548,570.8553502
2026-07-31 10:00:00,572.8971548,570.8553502
2026-07-31 11:00:00,572.8971548,570.8553502
2026-07-31 12:00:00,572.8971548,570.8553502
2026-07-31 13:00:00,572.8971548,570.8553502
2026-07-31 14:00:00,572.8971548,570.8553502
2026-07-31 15:00:00,572.8971548,570.8553502
2026-07-31 16:00:00,572.8971548,570.8553502
2026-07-31 17:00:00,572.8971548,570.8553502
2026-07-31 18:00:00,572.8971548,570.8553502
2026-07-31 19:00:00,572.8971548,570.8553502
2026-07-31 20:00:00,572.8971548,570.8553502
2026-07-31 21:00:00,572.8971548,570.8553502
2026-07-31 22:00:00,572.8971548,570.8553502
2026-07-31 23:00:00,572.8971548,570.8553502
2026-08-01 00:00:00,572.8971548,570.8553502
2026-08-01 01:00:00,572.8971548,570.8553502
2026-08-01 02:00:00,572.8971548,570.8553502
2026-08-01 03:00:00,572.8971548,570.8553502
2026-08-01 04:00:00,576.5802186,570.1031064
2026-08-01 05:00:00,576.5802186,570.1031064
2026-08-01 06:00:00,576.5802186,570.1031064
2026-08-01 07:00:00,576.5802186,570.1031064
2026-08-01 08:00:00,576.5802186,570.1031064
2026-08-01 09:00:00,576.5802186,570.1031064
2026-08-01 10:00:00,576.5802186,570.1031064
2026-08-01 11:00:00,576.5802186,570.1031064
2026-08-01 12:00:00,576.5802186,570.1031064
2026-08-01 13:00:00,576.5802186,570.1031064
2026-08-01 14:00:00,576.5802186,570.1031064
2026-08-01 15:00:00,576.5802186,570.1031064
2026-08-01 16:00:00,576.5802186,570.1031064
2026-08-01 17:00:00,576.5802186,570.1031064
2026-08-01 18:00:00,576.5802186,570.1031064
2026-08-01 19:00:00,576.5802186,570.1031064
2026-08-01 20:00:00,576.5802186,570.1031064
2026-08-01 21:00:00,576.5802186,570.1031064
2026-08-01 22:00:00,576.5802186,570.1031064
2026-08-01 23:00:00,576.5802186,570.1031064
2026-08-02 00:00:00,576.5802186,570.1031064
2026-08-02 01:00:00,576.5802186,570.1031064
2026-08-02 02:00:00,576.5802186,570.1031064
2026-08-02 03:00:00,576.5802186,570.1031064
2026-08-02 04:00:00,576.5802186,570.1031064
2026-08-02 05:00:00,576.5802186,570.1031064
2026-08-02 06:00:00,576.5802186,570.1031064
2026-08-02 07:00:00,576.5802186,570.1031064
2026-08-02 08:00:00,576.5802186,570.1031064
2026-08-02 09:00:00,576.5802186,570.1031064
2026-08-02 10:00:00,576.5802186,570.1031064
2026-08-02 11:00:00,576.5802186,570.1031064
2026-08-02 12:00:00,576.5802186,570.1031064
2026-08-02 13:00:00,576.5802186,570.1031064
2026-08-02 14:00:00,576.5802186,570.1031064
2026-08-02 15:00:00,576.5802186,570.1031064
2026-08-02 16:00:00,576.5802186,570.1031064
2026-08-02 17:00:00,576.5802186,570.1031064
2026-08-02 18:00:00,576.5802186,570.1031064
2026-08-02 19:00:00,576.5802186,570.1031064
2026-08-02 20:00:00,576.5802186,570.1031064
2026-08-02 21:00:00,576.5802186,570.1031064
2026-08-02 22:00:00,576.5802186,570.1031064
2026-08-02 23:00:00,576.5802186,570.1031064
2026-08-03 00:00:00,576.5802186,570.1031064
2026-08-03 01:00:00,576.5802186,570.1031064
2026-08-03 02:00:00,576.5802186,570.1031064
2026-08-03 03:00:00,576.5802186,570.1031064
2026-08-03 04:00:00,576.6290656,570.0542594
2026-08-03 05:00:00,576.6290656,570.0542594
2026-08-03 06:00:00,576.6290656,570.0542594
2026-08-03 07:00:00,576.6290656,570.0542594
2026-08-03 08:00:00,576.6290656,570.0542594
2026-08-03 09:00:00,576.6290656,570.0542594
2026-08-03 10:00:00,576.6290656,570.0542594
2026-08-03 11:00:00,576.6290656,570.0542594
2026-08-03 12:00:00,576.6290656,570.0542594
2026-08-03 13:00:00,576.6290656,570.0542594
2026-08-03 14:00:00,576.6290656,570.0542594
2026-08-03 15:00:00,576.6290656,570.0542594
2026-08-03 16:00:00,576.6290656,570.0542594
2026-08-03 17:00:00,576.6290656,570.0542594
2026-08-03 18:00:00,576.6290656,570.0542594
2026-08-03 19:00:00,576.6290656,570.0542594
2026-08-03 20:00:00,576.6290656,570.0542594
2026-08-03 21:00:00,576.6290656,570.0542594
2026-08-03 22:00:00,576.6290656,570.0542594
2026-08-03 23:00:00,576.6290656,570.0542594
2026-08-04 00:00:00,576.6290656,570.0542594
2026-08-04 01:00:00,576.6290656,570.0542594
2026-08-04 02:00:00,576.6290656,570.0542594
2026-08-04 03:00:00,576.6290656,570.0542594
